{"inputUnits":[34],"outputUnits":3,"inputs":{"0":{"dtype":"number","min":-33.50313480369761,"max":1263.564331768549},"1":{"dtype":"number","min":-292.9806572094298,"max":682.3655691760325},"2":{"dtype":"number","min":-28.151427151864034,"max":1260.825735467684},"3":{"dtype":"number","min":-273.0928815875137,"max":668.2313855860897},"4":{"dtype":"number","min":-20.049073217440302,"max":1263.1943528322215},"5":{"dtype":"number","min":-274.2899767185977,"max":674.7873710052311},"6":{"dtype":"number","min":-19.77580585442556,"max":1298.3499901011207},"7":{"dtype":"number","min":-278.9509283590038,"max":674.6812638251172},"8":{"dtype":"number","min":-28.50700631243908,"max":1253.387228685048},"9":{"dtype":"number","min":-278.84722681770546,"max":678.9736385233917},"10":{"dtype":"number","min":-28.98868672331871,"max":1196.1841953567593},"11":{"dtype":"number","min":-319.18870357044955,"max":716.4742778755767},"12":{"dtype":"number","min":-25.948072288468566,"max":1260.2889973006518},"13":{"dtype":"number","min":-322.4291278326023,"max":722.4379285548397},"14":{"dtype":"number","min":-26.737576906676413,"max":1207.4864497194048},"15":{"dtype":"number","min":-183.0269047251919,"max":888.3960008528265},"16":{"dtype":"number","min":-39.970674570540936,"max":1283.8544188977216},"17":{"dtype":"number","min":-186.11999868649488,"max":882.9631616544073},"18":{"dtype":"number","min":-14.333542494745979,"max":1242.6282475938108},"19":{"dtype":"number","min":-216.5041632401316,"max":866.6219313474658},"20":{"dtype":"number","min":-20.00521118877924,"max":1284.9681772451418},"21":{"dtype":"number","min":-181.2781570761757,"max":868.308334499307},"22":{"dtype":"number","min":-26.942274305555554,"max":1275.8065712614598},"23":{"dtype":"number","min":-164.89934107016404,"max":946.1233609740495},"24":{"dtype":"number","min":-25.020035712110136,"max":1305.4212306210404},"25":{"dtype":"number","min":-203.92248083043984,"max":940.0234598676595},"26":{"dtype":"number","min":-22.185389349567494,"max":1284.2025269030594},"27":{"dtype":"number","min":-73.5545381839745,"max":981.9801827295016},"28":{"dtype":"number","min":-15.906364931697732,"max":1276.1893333747373},"29":{"dtype":"number","min":-72.44574295847042,"max":947.5222784269158},"30":{"dtype":"number","min":-35.80317506548489,"max":1292.107232225801},"31":{"dtype":"number","min":52.6973934062043,"max":996.4517426072505},"32":{"dtype":"number","min":-25.64354136208577,"max":1312.153460705257},"33":{"dtype":"number","min":51.6835994608918,"max":995.4334028515434}},"outputs":{"0":{"dtype":"string","min":0,"max":1,"uniqueValues":["H","I","S"],"legend":{"H":[1,0,0],"I":[0,1,0],"S":[0,0,1]}}},"isNormalized":true}