{"inputUnits":[34],"outputUnits":4,"inputs":{"0":{"dtype":"number","min":152.7082054331521,"max":506.72114916944594},"1":{"dtype":"number","min":156.65924577917502,"max":232.57442898220484},"2":{"dtype":"number","min":160.11831034461423,"max":508.8637371695297},"3":{"dtype":"number","min":149.71946374249967,"max":225.6167888083653},"4":{"dtype":"number","min":146.87254074721307,"max":502.4818134865565},"5":{"dtype":"number","min":151.62301879644858,"max":225.97514607985346},"6":{"dtype":"number","min":170.832328573305,"max":517.8050109982258},"7":{"dtype":"number","min":149.67838517871283,"max":230.53445440519158},"8":{"dtype":"number","min":139.3598233050073,"max":496.208482411405},"9":{"dtype":"number","min":155.81867091604607,"max":227.08499782034295},"10":{"dtype":"number","min":193.50623891135172,"max":521.616665726749},"11":{"dtype":"number","min":165.56796544244182,"max":254.03612460309301},"12":{"dtype":"number","min":149.93595889204892,"max":502.5312840868855},"13":{"dtype":"number","min":170.18286632515532,"max":258.5118027179562},"14":{"dtype":"number","min":243.35451717265167,"max":540.4059346516926},"15":{"dtype":"number","min":134.4610774168494,"max":298.14115379288876},"16":{"dtype":"number","min":112.9829968904194,"max":533.1975188078703},"17":{"dtype":"number","min":139.02458443743907,"max":306.7977250900417},"18":{"dtype":"number","min":229.72421092131913,"max":576.3365006772166},"19":{"dtype":"number","min":102.91930378993817,"max":323.42057850858157},"20":{"dtype":"number","min":53.426995528371705,"max":579.7434126052707},"21":{"dtype":"number","min":133.85746351691947,"max":344.30948179367687},"22":{"dtype":"number","min":240.06866269176697,"max":502.5271894964326},"23":{"dtype":"number","min":259.7339952108223,"max":310.1373600355598},"24":{"dtype":"number","min":196.4386854859588,"max":502.70659805506057},"25":{"dtype":"number","min":266.2838733219496,"max":313.4952847069932},"26":{"dtype":"number","min":223.46501787271183,"max":512.8780967310855},"27":{"dtype":"number","min":320.04379956578185,"max":365.1451429103085},"28":{"dtype":"number","min":179.73695351598786,"max":509.23329730712413},"29":{"dtype":"number","min":320.4593796014321,"max":365.21786516869975},"30":{"dtype":"number","min":227.81686169362206,"max":510.26631435223254},"31":{"dtype":"number","min":365.39547985292546,"max":436.0771232738829},"32":{"dtype":"number","min":186.29321717379386,"max":509.03612638774666},"33":{"dtype":"number","min":363.420016640111,"max":429.5681209452668}},"outputs":{"0":{"dtype":"string","min":0,"max":1,"uniqueValues":["r","d","h","i"],"legend":{"r":[1,0,0,0],"d":[0,1,0,0],"h":[0,0,1,0],"i":[0,0,0,1]}}},"isNormalized":true}